{"v":"5.5.7","meta":{"g":"LottieFiles AE 0.1.20","a":"","k":"","d":"","tc":""},"fr":30,"ip":0,"op":49,"w":800,"h":800,"nm":"Circle Trail","ddd":0,"assets":[],"layers":[{"ddd":0,"ind":1,"ty":4,"nm":"BALL-12","sr":1,"ks":{"o":{"a":0,"k":100,"ix":11},"r":{"a":0,"k":330,"ix":10},"p":{"a":0,"k":[299.161,218.864,0],"ix":2},"a":{"a":0,"k":[0,0,0],"ix":1},"s":{"a":1,"k":[{"i":{"x":[0.34,0.34,0.34],"y":[1,1,1]},"o":{"x":[0.66,0.66,0.66],"y":[0,0,0]},"t":0,"s":[20,20,100]},{"i":{"x":[0.34,0.34,0.34],"y":[1,1,1]},"o":{"x":[0.66,0.66,0.66],"y":[0,0,0]},"t":24,"s":[100,100,100]},{"i":{"x":[0.34,0.34,0.34],"y":[1,1,1]},"o":{"x":[0.66,0.66,0.66],"y":[0,0,0]},"t":48,"s":[20,20,100]},{"i":{"x":[0.833,0.833,0.833],"y":[0.833,0.833,1]},"o":{"x":[0.66,0.66,0.66],"y":[0,0,0]},"t":72,"s":[100,100,100]},{"t":120,"s":[-50,50,100]}],"ix":6}},"ao":0,"shapes":[{"ty":"gr","it":[{"d":1,"ty":"el","s":{"a":0,"k":[80,80],"ix":2},"p":{"a":0,"k":[0,0],"ix":3},"nm":"Ellipse Path 1","mn":"ADBE Vector Shape - Ellipse","hd":false},{"ty":"fl","c":{"a":0,"k":[0.298039215686,0.415686304429,1,1],"ix":4},"o":{"a":0,"k":100,"ix":5},"r":1,"bm":0,"nm":"Fill 1","mn":"ADBE Vector Graphic - Fill","hd":false},{"ty":"tr","p":{"a":0,"k":[0,0],"ix":2},"a":{"a":0,"k":[0,0],"ix":1},"s":{"a":0,"k":[100,100],"ix":3},"r":{"a":0,"k":0,"ix":6},"o":{"a":0,"k":100,"ix":7},"sk":{"a":0,"k":0,"ix":4},"sa":{"a":0,"k":0,"ix":5},"nm":"Transform"}],"nm":"Ellipse 1","np":3,"cix":2,"bm":0,"ix":1,"mn":"ADBE Vector Group","hd":false}],"ip":0,"op":49,"st":0,"bm":0},{"ddd":0,"ind":2,"ty":4,"nm":"BALL-11","sr":1,"ks":{"o":{"a":0,"k":100,"ix":11},"r":{"a":0,"k":300,"ix":10},"p":{"a":0,"k":[222.103,293.551,0],"ix":2},"a":{"a":0,"k":[0,0,0],"ix":1},"s":{"a":1,"k":[{"i":{"x":[0.34,0.34,0.34],"y":[1,1,1]},"o":{"x":[0.66,0.66,0.66],"y":[0,0,0]},"t":-2,"s":[20,20,100]},{"i":{"x":[0.34,0.34,0.34],"y":[1,1,1]},"o":{"x":[0.66,0.66,0.66],"y":[0,0,0]},"t":22,"s":[100,100,100]},{"i":{"x":[0.34,0.34,0.34],"y":[1,1,1]},"o":{"x":[0.66,0.66,0.66],"y":[0,0,0]},"t":46,"s":[20,20,100]},{"i":{"x":[0.833,0.833,0.833],"y":[0.833,0.833,1]},"o":{"x":[0.66,0.66,0.66],"y":[0,0,0]},"t":70,"s":[100,100,100]},{"t":118,"s":[-50,50,100]}],"ix":6}},"ao":0,"shapes":[{"ty":"gr","it":[{"d":1,"ty":"el","s":{"a":0,"k":[80,80],"ix":2},"p":{"a":0,"k":[0,0],"ix":3},"nm":"Ellipse Path 1","mn":"ADBE Vector Shape - Ellipse","hd":false},{"ty":"fl","c":{"a":0,"k":[0.298039215686,0.415686304429,1,1],"ix":4},"o":{"a":0,"k":100,"ix":5},"r":1,"bm":0,"nm":"Fill 1","mn":"ADBE Vector Graphic - Fill","hd":false},{"ty":"tr","p":{"a":0,"k":[0,0],"ix":2},"a":{"a":0,"k":[0,0],"ix":1},"s":{"a":0,"k":[100,100],"ix":3},"r":{"a":0,"k":0,"ix":6},"o":{"a":0,"k":100,"ix":7},"sk":{"a":0,"k":0,"ix":4},"sa":{"a":0,"k":0,"ix":5},"nm":"Transform"}],"nm":"Ellipse 1","np":3,"cix":2,"bm":0,"ix":1,"mn":"ADBE Vector Group","hd":false}],"ip":0,"op":49,"st":-2,"bm":0},{"ddd":0,"ind":3,"ty":4,"nm":"BALL-10","sr":1,"ks":{"o":{"a":0,"k":100,"ix":11},"r":{"a":0,"k":270,"ix":10},"p":{"a":0,"k":[192.713,396.761,0],"ix":2},"a":{"a":0,"k":[0,0,0],"ix":1},"s":{"a":1,"k":[{"i":{"x":[0.34,0.34,0.34],"y":[1,1,1]},"o":{"x":[0.66,0.66,0.66],"y":[0,0,0]},"t":-4,"s":[20,20,100]},{"i":{"x":[0.34,0.34,0.34],"y":[1,1,1]},"o":{"x":[0.66,0.66,0.66],"y":[0,0,0]},"t":20,"s":[100,100,100]},{"i":{"x":[0.34,0.34,0.34],"y":[1,1,1]},"o":{"x":[0.66,0.66,0.66],"y":[0,0,0]},"t":44,"s":[20,20,100]},{"i":{"x":[0.833,0.833,0.833],"y":[0.833,0.833,1]},"o":{"x":[0.66,0.66,0.66],"y":[0,0,0]},"t":68,"s":[100,100,100]},{"t":116,"s":[-50,50,100]}],"ix":6}},"ao":0,"shapes":[{"ty":"gr","it":[{"d":1,"ty":"el","s":{"a":0,"k":[80,80],"ix":2},"p":{"a":0,"k":[0,0],"ix":3},"nm":"Ellipse Path 1","mn":"ADBE Vector Shape - Ellipse","hd":false},{"ty":"fl","c":{"a":0,"k":[0.298039215686,0.415686304429,1,1],"ix":4},"o":{"a":0,"k":100,"ix":5},"r":1,"bm":0,"nm":"Fill 1","mn":"ADBE Vector Graphic - Fill","hd":false},{"ty":"tr","p":{"a":0,"k":[0,0],"ix":2},"a":{"a":0,"k":[0,0],"ix":1},"s":{"a":0,"k":[100,100],"ix":3},"r":{"a":0,"k":0,"ix":6},"o":{"a":0,"k":100,"ix":7},"sk":{"a":0,"k":0,"ix":4},"sa":{"a":0,"k":0,"ix":5},"nm":"Transform"}],"nm":"Ellipse 1","np":3,"cix":2,"bm":0,"ix":1,"mn":"ADBE Vector Group","hd":false}],"ip":0,"op":49,"st":-4,"bm":0},{"ddd":0,"ind":4,"ty":4,"nm":"BALL-09","sr":1,"ks":{"o":{"a":0,"k":100,"ix":11},"r":{"a":0,"k":240,"ix":10},"p":{"a":0,"k":[218.864,500.839,0],"ix":2},"a":{"a":0,"k":[0,0,0],"ix":1},"s":{"a":1,"k":[{"i":{"x":[0.34,0.34,0.34],"y":[1,1,1]},"o":{"x":[0.66,0.66,0.66],"y":[0,0,0]},"t":-6,"s":[20,20,100]},{"i":{"x":[0.34,0.34,0.34],"y":[1,1,1]},"o":{"x":[0.66,0.66,0.66],"y":[0,0,0]},"t":18,"s":[100,100,100]},{"i":{"x":[0.34,0.34,0.34],"y":[1,1,1]},"o":{"x":[0.66,0.66,0.66],"y":[0,0,0]},"t":42,"s":[20,20,100]},{"i":{"x":[0.833,0.833,0.833],"y":[0.833,0.833,1]},"o":{"x":[0.66,0.66,0.66],"y":[0,0,0]},"t":66,"s":[100,100,100]},{"t":114,"s":[-50,50,100]}],"ix":6}},"ao":0,"shapes":[{"ty":"gr","it":[{"d":1,"ty":"el","s":{"a":0,"k":[80,80],"ix":2},"p":{"a":0,"k":[0,0],"ix":3},"nm":"Ellipse Path 1","mn":"ADBE Vector Shape - Ellipse","hd":false},{"ty":"fl","c":{"a":0,"k":[0.298039215686,0.415686304429,1,1],"ix":4},"o":{"a":0,"k":100,"ix":5},"r":1,"bm":0,"nm":"Fill 1","mn":"ADBE Vector Graphic - Fill","hd":false},{"ty":"tr","p":{"a":0,"k":[0,0],"ix":2},"a":{"a":0,"k":[0,0],"ix":1},"s":{"a":0,"k":[100,100],"ix":3},"r":{"a":0,"k":0,"ix":6},"o":{"a":0,"k":100,"ix":7},"sk":{"a":0,"k":0,"ix":4},"sa":{"a":0,"k":0,"ix":5},"nm":"Transform"}],"nm":"Ellipse 1","np":3,"cix":2,"bm":0,"ix":1,"mn":"ADBE Vector Group","hd":false}],"ip":0,"op":49,"st":-6,"bm":0},{"ddd":0,"ind":5,"ty":4,"nm":"BALL-08","sr":1,"ks":{"o":{"a":0,"k":100,"ix":11},"r":{"a":0,"k":210,"ix":10},"p":{"a":0,"k":[293.551,577.897,0],"ix":2},"a":{"a":0,"k":[0,0,0],"ix":1},"s":{"a":1,"k":[{"i":{"x":[0.34,0.34,0.34],"y":[1,1,1]},"o":{"x":[0.66,0.66,0.66],"y":[0,0,0]},"t":-8,"s":[20,20,100]},{"i":{"x":[0.34,0.34,0.34],"y":[1,1,1]},"o":{"x":[0.66,0.66,0.66],"y":[0,0,0]},"t":16,"s":[100,100,100]},{"i":{"x":[0.34,0.34,0.34],"y":[1,1,1]},"o":{"x":[0.66,0.66,0.66],"y":[0,0,0]},"t":40,"s":[20,20,100]},{"i":{"x":[0.833,0.833,0.833],"y":[0.833,0.833,1]},"o":{"x":[0.66,0.66,0.66],"y":[0,0,0]},"t":64,"s":[100,100,100]},{"t":112,"s":[-50,50,100]}],"ix":6}},"ao":0,"shapes":[{"ty":"gr","it":[{"d":1,"ty":"el","s":{"a":0,"k":[80,80],"ix":2},"p":{"a":0,"k":[0,0],"ix":3},"nm":"Ellipse Path 1","mn":"ADBE Vector Shape - Ellipse","hd":false},{"ty":"fl","c":{"a":0,"k":[0.298039215686,0.415686304429,1,1],"ix":4},"o":{"a":0,"k":100,"ix":5},"r":1,"bm":0,"nm":"Fill 1","mn":"ADBE Vector Graphic - Fill","hd":false},{"ty":"tr","p":{"a":0,"k":[0,0],"ix":2},"a":{"a":0,"k":[0,0],"ix":1},"s":{"a":0,"k":[100,100],"ix":3},"r":{"a":0,"k":0,"ix":6},"o":{"a":0,"k":100,"ix":7},"sk":{"a":0,"k":0,"ix":4},"sa":{"a":0,"k":0,"ix":5},"nm":"Transform"}],"nm":"Ellipse 1","np":3,"cix":2,"bm":0,"ix":1,"mn":"ADBE Vector Group","hd":false}],"ip":0,"op":49,"st":-8,"bm":0},{"ddd":0,"ind":6,"ty":4,"nm":"BALL-07","sr":1,"ks":{"o":{"a":0,"k":100,"ix":11},"r":{"a":0,"k":180,"ix":10},"p":{"a":0,"k":[396.761,607.287,0],"ix":2},"a":{"a":0,"k":[0,0,0],"ix":1},"s":{"a":1,"k":[{"i":{"x":[0.34,0.34,0.34],"y":[1,1,1]},"o":{"x":[0.66,0.66,0.66],"y":[0,0,0]},"t":-10,"s":[20,20,100]},{"i":{"x":[0.34,0.34,0.34],"y":[1,1,1]},"o":{"x":[0.66,0.66,0.66],"y":[0,0,0]},"t":14,"s":[100,100,100]},{"i":{"x":[0.34,0.34,0.34],"y":[1,1,1]},"o":{"x":[0.66,0.66,0.66],"y":[0,0,0]},"t":38,"s":[20,20,100]},{"i":{"x":[0.833,0.833,0.833],"y":[0.833,0.833,1]},"o":{"x":[0.66,0.66,0.66],"y":[0,0,0]},"t":62,"s":[100,100,100]},{"t":110,"s":[-50,50,100]}],"ix":6}},"ao":0,"shapes":[{"ty":"gr","it":[{"d":1,"ty":"el","s":{"a":0,"k":[80,80],"ix":2},"p":{"a":0,"k":[0,0],"ix":3},"nm":"Ellipse Path 1","mn":"ADBE Vector Shape - Ellipse","hd":false},{"ty":"fl","c":{"a":0,"k":[0.298039215686,0.415686304429,1,1],"ix":4},"o":{"a":0,"k":100,"ix":5},"r":1,"bm":0,"nm":"Fill 1","mn":"ADBE Vector Graphic - Fill","hd":false},{"ty":"tr","p":{"a":0,"k":[0,0],"ix":2},"a":{"a":0,"k":[0,0],"ix":1},"s":{"a":0,"k":[100,100],"ix":3},"r":{"a":0,"k":0,"ix":6},"o":{"a":0,"k":100,"ix":7},"sk":{"a":0,"k":0,"ix":4},"sa":{"a":0,"k":0,"ix":5},"nm":"Transform"}],"nm":"Ellipse 1","np":3,"cix":2,"bm":0,"ix":1,"mn":"ADBE Vector Group","hd":false}],"ip":0,"op":49,"st":-10,"bm":0},{"ddd":0,"ind":7,"ty":4,"nm":"BALL-06","sr":1,"ks":{"o":{"a":0,"k":100,"ix":11},"r":{"a":0,"k":150,"ix":10},"p":{"a":0,"k":[500.839,581.136,0],"ix":2},"a":{"a":0,"k":[0,0,0],"ix":1},"s":{"a":1,"k":[{"i":{"x":[0.34,0.34,0.34],"y":[1,1,1]},"o":{"x":[0.66,0.66,0.66],"y":[0,0,0]},"t":-12,"s":[20,20,100]},{"i":{"x":[0.34,0.34,0.34],"y":[1,1,1]},"o":{"x":[0.66,0.66,0.66],"y":[0,0,0]},"t":12,"s":[100,100,100]},{"i":{"x":[0.34,0.34,0.34],"y":[1,1,1]},"o":{"x":[0.66,0.66,0.66],"y":[0,0,0]},"t":36,"s":[20,20,100]},{"i":{"x":[0.833,0.833,0.833],"y":[0.833,0.833,1]},"o":{"x":[0.66,0.66,0.66],"y":[0,0,0]},"t":60,"s":[100,100,100]},{"t":108,"s":[-50,50,100]}],"ix":6}},"ao":0,"shapes":[{"ty":"gr","it":[{"d":1,"ty":"el","s":{"a":0,"k":[80,80],"ix":2},"p":{"a":0,"k":[0,0],"ix":3},"nm":"Ellipse Path 1","mn":"ADBE Vector Shape - Ellipse","hd":false},{"ty":"fl","c":{"a":0,"k":[0.298039215686,0.415686304429,1,1],"ix":4},"o":{"a":0,"k":100,"ix":5},"r":1,"bm":0,"nm":"Fill 1","mn":"ADBE Vector Graphic - Fill","hd":false},{"ty":"tr","p":{"a":0,"k":[0,0],"ix":2},"a":{"a":0,"k":[0,0],"ix":1},"s":{"a":0,"k":[100,100],"ix":3},"r":{"a":0,"k":0,"ix":6},"o":{"a":0,"k":100,"ix":7},"sk":{"a":0,"k":0,"ix":4},"sa":{"a":0,"k":0,"ix":5},"nm":"Transform"}],"nm":"Ellipse 1","np":3,"cix":2,"bm":0,"ix":1,"mn":"ADBE Vector Group","hd":false}],"ip":0,"op":49,"st":-12,"bm":0},{"ddd":0,"ind":8,"ty":4,"nm":"BALL-05","sr":1,"ks":{"o":{"a":0,"k":100,"ix":11},"r":{"a":0,"k":120,"ix":10},"p":{"a":0,"k":[577.897,506.449,0],"ix":2},"a":{"a":0,"k":[0,0,0],"ix":1},"s":{"a":1,"k":[{"i":{"x":[0.34,0.34,0.34],"y":[1,1,1]},"o":{"x":[0.66,0.66,0.66],"y":[0,0,0]},"t":-14,"s":[20,20,100]},{"i":{"x":[0.34,0.34,0.34],"y":[1,1,1]},"o":{"x":[0.66,0.66,0.66],"y":[0,0,0]},"t":10,"s":[100,100,100]},{"i":{"x":[0.34,0.34,0.34],"y":[1,1,1]},"o":{"x":[0.66,0.66,0.66],"y":[0,0,0]},"t":34,"s":[20,20,100]},{"i":{"x":[0.833,0.833,0.833],"y":[0.833,0.833,1]},"o":{"x":[0.66,0.66,0.66],"y":[0,0,0]},"t":58,"s":[100,100,100]},{"t":106,"s":[-50,50,100]}],"ix":6}},"ao":0,"shapes":[{"ty":"gr","it":[{"d":1,"ty":"el","s":{"a":0,"k":[80,80],"ix":2},"p":{"a":0,"k":[0,0],"ix":3},"nm":"Ellipse Path 1","mn":"ADBE Vector Shape - Ellipse","hd":false},{"ty":"fl","c":{"a":0,"k":[0.298039215686,0.415686304429,1,1],"ix":4},"o":{"a":0,"k":100,"ix":5},"r":1,"bm":0,"nm":"Fill 1","mn":"ADBE Vector Graphic - Fill","hd":false},{"ty":"tr","p":{"a":0,"k":[0,0],"ix":2},"a":{"a":0,"k":[0,0],"ix":1},"s":{"a":0,"k":[100,100],"ix":3},"r":{"a":0,"k":0,"ix":6},"o":{"a":0,"k":100,"ix":7},"sk":{"a":0,"k":0,"ix":4},"sa":{"a":0,"k":0,"ix":5},"nm":"Transform"}],"nm":"Ellipse 1","np":3,"cix":2,"bm":0,"ix":1,"mn":"ADBE Vector Group","hd":false}],"ip":0,"op":49,"st":-14,"bm":0},{"ddd":0,"ind":9,"ty":4,"nm":"BALL-04","sr":1,"ks":{"o":{"a":0,"k":100,"ix":11},"r":{"a":0,"k":90,"ix":10},"p":{"a":0,"k":[607.287,403.239,0],"ix":2},"a":{"a":0,"k":[0,0,0],"ix":1},"s":{"a":1,"k":[{"i":{"x":[0.34,0.34,0.34],"y":[1,1,1]},"o":{"x":[0.66,0.66,0.66],"y":[0,0,0]},"t":-16,"s":[20,20,100]},{"i":{"x":[0.34,0.34,0.34],"y":[1,1,1]},"o":{"x":[0.66,0.66,0.66],"y":[0,0,0]},"t":8,"s":[100,100,100]},{"i":{"x":[0.34,0.34,0.34],"y":[1,1,1]},"o":{"x":[0.66,0.66,0.66],"y":[0,0,0]},"t":32,"s":[20,20,100]},{"i":{"x":[0.833,0.833,0.833],"y":[0.833,0.833,1]},"o":{"x":[0.66,0.66,0.66],"y":[0,0,0]},"t":56,"s":[100,100,100]},{"t":104,"s":[-50,50,100]}],"ix":6}},"ao":0,"shapes":[{"ty":"gr","it":[{"d":1,"ty":"el","s":{"a":0,"k":[80,80],"ix":2},"p":{"a":0,"k":[0,0],"ix":3},"nm":"Ellipse Path 1","mn":"ADBE Vector Shape - Ellipse","hd":false},{"ty":"fl","c":{"a":0,"k":[0.298039215686,0.415686304429,1,1],"ix":4},"o":{"a":0,"k":100,"ix":5},"r":1,"bm":0,"nm":"Fill 1","mn":"ADBE Vector Graphic - Fill","hd":false},{"ty":"tr","p":{"a":0,"k":[0,0],"ix":2},"a":{"a":0,"k":[0,0],"ix":1},"s":{"a":0,"k":[100,100],"ix":3},"r":{"a":0,"k":0,"ix":6},"o":{"a":0,"k":100,"ix":7},"sk":{"a":0,"k":0,"ix":4},"sa":{"a":0,"k":0,"ix":5},"nm":"Transform"}],"nm":"Ellipse 1","np":3,"cix":2,"bm":0,"ix":1,"mn":"ADBE Vector Group","hd":false}],"ip":0,"op":49,"st":-16,"bm":0},{"ddd":0,"ind":10,"ty":4,"nm":"BALL-03","sr":1,"ks":{"o":{"a":0,"k":100,"ix":11},"r":{"a":0,"k":60,"ix":10},"p":{"a":0,"k":[581.136,299.161,0],"ix":2},"a":{"a":0,"k":[0,0,0],"ix":1},"s":{"a":1,"k":[{"i":{"x":[0.34,0.34,0.34],"y":[1,1,1]},"o":{"x":[0.66,0.66,0.66],"y":[0,0,0]},"t":-18,"s":[20,20,100]},{"i":{"x":[0.34,0.34,0.34],"y":[1,1,1]},"o":{"x":[0.66,0.66,0.66],"y":[0,0,0]},"t":6,"s":[100,100,100]},{"i":{"x":[0.34,0.34,0.34],"y":[1,1,1]},"o":{"x":[0.66,0.66,0.66],"y":[0,0,0]},"t":30,"s":[20,20,100]},{"i":{"x":[0.833,0.833,0.833],"y":[0.833,0.833,1]},"o":{"x":[0.66,0.66,0.66],"y":[0,0,0]},"t":54,"s":[100,100,100]},{"t":102,"s":[-50,50,100]}],"ix":6}},"ao":0,"shapes":[{"ty":"gr","it":[{"d":1,"ty":"el","s":{"a":0,"k":[80,80],"ix":2},"p":{"a":0,"k":[0,0],"ix":3},"nm":"Ellipse Path 1","mn":"ADBE Vector Shape - Ellipse","hd":false},{"ty":"fl","c":{"a":0,"k":[0.298039215686,0.415686304429,1,1],"ix":4},"o":{"a":0,"k":100,"ix":5},"r":1,"bm":0,"nm":"Fill 1","mn":"ADBE Vector Graphic - Fill","hd":false},{"ty":"tr","p":{"a":0,"k":[0,0],"ix":2},"a":{"a":0,"k":[0,0],"ix":1},"s":{"a":0,"k":[100,100],"ix":3},"r":{"a":0,"k":0,"ix":6},"o":{"a":0,"k":100,"ix":7},"sk":{"a":0,"k":0,"ix":4},"sa":{"a":0,"k":0,"ix":5},"nm":"Transform"}],"nm":"Ellipse 1","np":3,"cix":2,"bm":0,"ix":1,"mn":"ADBE Vector Group","hd":false}],"ip":0,"op":49,"st":-18,"bm":0},{"ddd":0,"ind":11,"ty":4,"nm":"BALL-02","sr":1,"ks":{"o":{"a":0,"k":100,"ix":11},"r":{"a":0,"k":30,"ix":10},"p":{"a":0,"k":[506.449,222.103,0],"ix":2},"a":{"a":0,"k":[0,0,0],"ix":1},"s":{"a":1,"k":[{"i":{"x":[0.34,0.34,0.34],"y":[1,1,1]},"o":{"x":[0.66,0.66,0.66],"y":[0,0,0]},"t":-20,"s":[20,20,100]},{"i":{"x":[0.34,0.34,0.34],"y":[1,1,1]},"o":{"x":[0.66,0.66,0.66],"y":[0,0,0]},"t":4,"s":[100,100,100]},{"i":{"x":[0.34,0.34,0.34],"y":[1,1,1]},"o":{"x":[0.66,0.66,0.66],"y":[0,0,0]},"t":28,"s":[20,20,100]},{"i":{"x":[0.833,0.833,0.833],"y":[0.833,0.833,1]},"o":{"x":[0.66,0.66,0.66],"y":[0,0,0]},"t":52,"s":[100,100,100]},{"t":100,"s":[-50,50,100]}],"ix":6}},"ao":0,"shapes":[{"ty":"gr","it":[{"d":1,"ty":"el","s":{"a":0,"k":[80,80],"ix":2},"p":{"a":0,"k":[0,0],"ix":3},"nm":"Ellipse Path 1","mn":"ADBE Vector Shape - Ellipse","hd":false},{"ty":"fl","c":{"a":0,"k":[0.298039215686,0.415686304429,1,1],"ix":4},"o":{"a":0,"k":100,"ix":5},"r":1,"bm":0,"nm":"Fill 1","mn":"ADBE Vector Graphic - Fill","hd":false},{"ty":"tr","p":{"a":0,"k":[0,0],"ix":2},"a":{"a":0,"k":[0,0],"ix":1},"s":{"a":0,"k":[100,100],"ix":3},"r":{"a":0,"k":0,"ix":6},"o":{"a":0,"k":100,"ix":7},"sk":{"a":0,"k":0,"ix":4},"sa":{"a":0,"k":0,"ix":5},"nm":"Transform"}],"nm":"Ellipse 1","np":3,"cix":2,"bm":0,"ix":1,"mn":"ADBE Vector Group","hd":false}],"ip":0,"op":49,"st":-20,"bm":0},{"ddd":0,"ind":12,"ty":4,"nm":"BALL-01","sr":1,"ks":{"o":{"a":0,"k":100,"ix":11},"r":{"a":0,"k":0,"ix":10},"p":{"a":0,"k":[403.239,192.713,0],"ix":2},"a":{"a":0,"k":[0,0,0],"ix":1},"s":{"a":1,"k":[{"i":{"x":[0.34,0.34,0.34],"y":[1,1,1]},"o":{"x":[0.66,0.66,0.66],"y":[0,0,0]},"t":-22,"s":[20,20,100]},{"i":{"x":[0.34,0.34,0.34],"y":[1,1,1]},"o":{"x":[0.66,0.66,0.66],"y":[0,0,0]},"t":2,"s":[100,100,100]},{"i":{"x":[0.34,0.34,0.34],"y":[1,1,1]},"o":{"x":[0.66,0.66,0.66],"y":[0,0,0]},"t":26,"s":[20,20,100]},{"i":{"x":[0.833,0.833,0.833],"y":[0.833,0.833,1]},"o":{"x":[0.66,0.66,0.66],"y":[0,0,0]},"t":50,"s":[100,100,100]},{"t":98,"s":[-50,50,100]}],"ix":6}},"ao":0,"shapes":[{"ty":"gr","it":[{"d":1,"ty":"el","s":{"a":0,"k":[80,80],"ix":2},"p":{"a":0,"k":[0,0],"ix":3},"nm":"Ellipse Path 1","mn":"ADBE Vector Shape - Ellipse","hd":false},{"ty":"fl","c":{"a":0,"k":[0.298039215686,0.415686304429,1,1],"ix":4},"o":{"a":0,"k":100,"ix":5},"r":1,"bm":0,"nm":"Fill 1","mn":"ADBE Vector Graphic - Fill","hd":false},{"ty":"tr","p":{"a":0,"k":[0,0],"ix":2},"a":{"a":0,"k":[0,0],"ix":1},"s":{"a":0,"k":[100,100],"ix":3},"r":{"a":0,"k":0,"ix":6},"o":{"a":0,"k":100,"ix":7},"sk":{"a":0,"k":0,"ix":4},"sa":{"a":0,"k":0,"ix":5},"nm":"Transform"}],"nm":"Ellipse 1","np":3,"cix":2,"bm":0,"ix":1,"mn":"ADBE Vector Group","hd":false}],"ip":0,"op":49,"st":-22,"bm":0}],"markers":[]}